<?xml version="1.0" encoding="UTF-8"?>
<root>
  <item name="com.telenav.sdk.navigation.model.NavigationData void setNavigationState(byte) 0">
    <annotation name="android.support.annotation.IntDef">
      <val name="value" val="{com.telenav.sdk.navigation.model.NavigationData.NAVIGATION_STATE_PREPARING, com.telenav.sdk.navigation.model.NavigationData.NAVIGATION_STATE_STARTED, com.telenav.sdk.navigation.model.NavigationData.NAVIGATION_STATE_APPROACHING, com.telenav.sdk.navigation.model.NavigationData.NAVIGATION_STATE_ARRIVED, com.telenav.sdk.navigation.model.NavigationData.NAVIGATION_STATE_ENDED}" />
    </annotation>
  </item>
  <item name="com.telenav.sdk.navigation.model.NavigationSettings byte getUnitType()">
    <annotation name="android.support.annotation.IntDef">
      <val name="value" val="{com.telenav.sdk.navigation.model.Constants.NOT_SET_VALUE, com.telenav.sdk.navigation.model.NavigationSettings.UNIT_TYPE_METRIC, com.telenav.sdk.navigation.model.NavigationSettings.UNIT_TYPE_IMPERIAL}" />
    </annotation>
  </item>
  <item name="com.telenav.sdk.navigation.model.NavigationSettings void setEnabledZoneAlerts(byte[]) 0">
    <annotation name="android.support.annotation.IntDef">
      <val name="value" val="{com.telenav.sdk.navigation.model.NavigationSettings.ZONE_ALERT_INCIDENT, com.telenav.sdk.navigation.model.NavigationSettings.ZONE_ALERT_RAILWAY_CROSSING, com.telenav.sdk.navigation.model.NavigationSettings.ZONE_ALERT_SPEED_CAMERA, com.telenav.sdk.navigation.model.NavigationSettings.ZONE_ALERT_SCHOOL}" />
    </annotation>
  </item>
  <item name="com.telenav.sdk.navigation.model.NavigationSettings void setUnitType(byte) 0">
    <annotation name="android.support.annotation.IntDef">
      <val name="value" val="{com.telenav.sdk.navigation.model.Constants.NOT_SET_VALUE, com.telenav.sdk.navigation.model.NavigationSettings.UNIT_TYPE_METRIC, com.telenav.sdk.navigation.model.NavigationSettings.UNIT_TYPE_IMPERIAL}" />
    </annotation>
  </item>
  <item name="com.telenav.sdk.navigation.model.NavigationSettings void setVoiceGuidanceType(byte) 0">
    <annotation name="android.support.annotation.IntDef">
      <val name="value" val="{com.telenav.sdk.navigation.model.NavigationSettings.VOICE_GUIDANCE_NONE, com.telenav.sdk.navigation.model.NavigationSettings.VOICE_GUIDANCE_ORTHOGRAPHY, com.telenav.sdk.navigation.model.NavigationSettings.VOICE_GUIDANCE_PHONEME, com.telenav.sdk.navigation.model.NavigationSettings.VOICE_GUIDANCE_INSTRUCTION}" />
    </annotation>
  </item>
  <item name="com.telenav.sdk.navigation.model.RouteSettings byte getRouteOutputOption()">
    <annotation name="android.support.annotation.IntDef">
      <val name="value" val="{com.telenav.sdk.navigation.model.Constants.NOT_SET_VALUE, com.telenav.sdk.navigation.model.RouteSettings.ROUTE_OUTPUT_FULL, com.telenav.sdk.navigation.model.RouteSettings.ROUTE_OUTPUT_ETA, com.telenav.sdk.navigation.model.RouteSettings.ROUTE_OUTPUT_OVERVIEW}" />
    </annotation>
  </item>
  <item name="com.telenav.sdk.navigation.model.RouteSettings void setRouteOutputOption(byte) 0">
    <annotation name="android.support.annotation.IntDef">
      <val name="value" val="{com.telenav.sdk.navigation.model.Constants.NOT_SET_VALUE, com.telenav.sdk.navigation.model.RouteSettings.ROUTE_OUTPUT_FULL, com.telenav.sdk.navigation.model.RouteSettings.ROUTE_OUTPUT_ETA, com.telenav.sdk.navigation.model.RouteSettings.ROUTE_OUTPUT_OVERVIEW}" />
    </annotation>
  </item>
  <item name="com.telenav.sdk.navigation.model.TrafficSettings byte getRerouteMode()">
    <annotation name="android.support.annotation.IntDef">
      <val name="value" val="{com.telenav.sdk.navigation.model.Constants.NOT_SET_VALUE, com.telenav.sdk.navigation.model.TrafficSettings.REROUTE_MODE_AUTO, com.telenav.sdk.navigation.model.TrafficSettings.REROUTE_MODE_MANUAL}" />
    </annotation>
  </item>
  <item name="com.telenav.sdk.navigation.model.TrafficSettings void setRerouteMode(byte) 0">
    <annotation name="android.support.annotation.IntDef">
      <val name="value" val="{com.telenav.sdk.navigation.model.Constants.NOT_SET_VALUE, com.telenav.sdk.navigation.model.TrafficSettings.REROUTE_MODE_AUTO, com.telenav.sdk.navigation.model.TrafficSettings.REROUTE_MODE_MANUAL}" />
    </annotation>
  </item>
</root>

